{
  "project_info": {
    "project_number": "1055750495058",
    "firebase_url": "https://pacman-31459.firebaseio.com",
    "project_id": "pacman-31459",
    "storage_bucket": "pacman-31459.appspot.com"
  },
  "client": [
    {
      "client_info": {
        "mobilesdk_app_id": "1:1055750495058:android:77d1590f9a52714c86b88b",
        "android_client_info": {
          "package_name": "com.pacman.MentAlly"
        }
      },
      "oauth_client": [
        {
          "client_id": "1055750495058-373m3r9g1j78tlphvo6rbvjl7sj8e1sm.apps.googleusercontent.com",
          "client_type": 1,
          "android_info": {
            "package_name": "com.pacman.MentAlly",
            "certificate_hash": "b6ad935e1329c4baa2b009d2cb78949e60a14866"
          }
        },
        {
          "client_id": "1055750495058-3agc9qek3attbnbffqb797tl923j17fv.apps.googleusercontent.com",
          "client_type": 1,
          "android_info": {
            "package_name": "com.pacman.MentAlly",
            "certificate_hash": "211a888e37fa0d7619e1c9b4a53610f77bb90807"
          }
        },
        {
          "client_id": "1055750495058-olom5nvlt9qem7mrrn49ti0c0ncu0a3b.apps.googleusercontent.com",
          "client_type": 1,
          "android_info": {
            "package_name": "com.pacman.MentAlly",
            "certificate_hash": "acd4ccef98f2a118e123a66229acefbfeb2b8b17"
          }
        },
        {
          "client_id": "1055750495058-ic198ilh445viotk3ct31hn0as6rcfb6.apps.googleusercontent.com",
          "client_type": 1,
          "android_info": {
            "package_name": "com.pacman.MentAlly",
            "certificate_hash": "378156bc176cb0a1e85f9d3b58908c617843ae30"
          }
        },
        {
          "client_id": "1055750495058-tijbbs7t8r72pqe77d12fnl17tp07ng4.apps.googleusercontent.com",
          "client_type": 3
        }
      ],
      "api_key": [
        {
          "current_key": "AIzaSyClSu4lQy7WfvAvVMQM89TVM8A8ts8mSx4"
        }
      ],
      "services": {
        "appinvite_service": {
          "other_platform_oauth_client": [
            {
              "client_id": "1055750495058-tijbbs7t8r72pqe77d12fnl17tp07ng4.apps.googleusercontent.com",
              "client_type": 3
            }
          ]
        }
      }
    }
  ],
  "configuration_version": "1"
}